,gene_symbol,chr,location_hg38,snv,source
0,SORT1,1,109345810,rs141749679,verified
1,CR1,1,207577223,rs679515,verified+risk
2,ADAM17,2,9558882,rs72777026,verified
3,PRKD3,2,37304796,rs17020490,verified
4,NCK2,2,105749599,rs143080277,verified
5,BIN1,2,127135234,rs6733839,verified+risk
6,WDR12,2,202878716,rs139643391,verified
7,INPP5D,2,233117202,rs10933431,verified
8,MME,3,155069722,rs16824536,verified
9,IDUA,4,993555,rs3822030,verified
10,CLNK,4,11023507,rs6846529,verified
11,RHOH,4,40197226,rs2245466,verified
12,ANKH,5,14724304,rs112403360,verified
13,COX7C,5,86927378,rs62374257,verified
14,TNIP1,5,151052827,rs871269,verified
15,RASGEF1C,5,180201150,rs113706587,verified
16,HLA-DQA1,6,32615322,rs6605556,verified
17,UNC5CL,6,41036354,rs10947943,verified
18,TREM2,6,41161469,rs143332484,verified+risk
19,TREML2,6,41181270,rs60755019,verified
20,CD2AP,6,47517390,rs7767350,verified
21,HS3ST5,6,114291731,rs785129,verified
22,UMAD1,7,7817263,rs6943429,verified
23,ICA1,7,8204382,rs10952097,verified
24,TMEM106B,7,12229967,rs13237518,verified
25,JAZF1,7,28129126,rs1160871,verified
26,EPDR1,7,37844191,rs6966331,verified
27,SEC61G,7,54873635,rs76928645,verified
28,SPDYE3,7,100334426,rs7384878,verified
29,EPHA1,7,143413669,rs11771145,verified+risk
30,CTSB,8,11844613,rs1065712,verified
31,PTK2B,8,27362470,rs73223431,verified
32,CLU,8,27607795,rs11787077,verified
33,SHARPIN,8,144103704,rs34173062,verified
34,ABCA1,9,104903697,rs1800978,verified
35,USP6NL,10,11676714,rs7912495,verified
36,ANK3,10,60025170,rs7068231,verified
37,TSPAN14,10,80494228,rs6586028,verified
38,BLNK,10,96266650,rs6584063,verified
39,PLEKHA1,10,122413396,rs7908662,verified
40,SPI1,11,47370397,rs10437655,verified+risk
41,MS4A4A,11,60254475,rs1582763,verified
42,EED,11,86157598,rs3851179,verified
43,SORL1,11,121564878,rs11218343,verified+risk
44,TPCN1,12,113281983,rs6489896,verified
45,FERMT2,14,52924962,rs17125924,verified
46,SLC24A4,14,92464917,rs7401792,verified
47,SPPL2A,15,50701814,rs8025980,verified
48,MINDY2,15,58764824,rs602602,verified
49,APH1B,15,63277703,rs117618017,verified
50,SNX1,15,64131307,rs3848143,verified
51,CTSH,15,78936857,rs12592898,verified
52,DOC2A,16,30010081,rs1140239,verified
53,BCKDK,16,31111250,rs889555,verified
54,IL34,16,70660097,rs4985556,verified
55,MAF,16,79574511,rs450674,verified
56,PLCG2,16,81739398,rs12446759,verified+risk
57,FOXF1,16,86420604,rs16941239,verified
58,PRDM7,16,90103687,rs56407236,verified
59,WDR81,17,1728046,rs35048651,verified
60,SCIMP,17,5233752,rs7225151,verified
61,MYO15A,17,18156140,rs2242595,verified
62,GRN,17,44352876,rs5848,verified
63,WNT3,17,46779275,rs199515,verified
64,ABI3,17,49219935,rs616338,verified+risk
65,TSPOAP1,17,58332680,rs2526377,verified
66,ACE,17,63471557,rs4277405,verified
67,ABCA7,19,1050875,rs12151021,verified+risk
68,KLF16,19,1854254,rs149080927,verified
69,SIGLEC11,19,49950060,rs9304690,verified
70,LILRB2,19,54267597,rs587709,verified
71,RBCK1,20,413334,rs1358782,verified
72,CASS4,20,56423488,rs6014724,verified
73,SLC2A4RG,20,63743088,rs6742,verified
74,APP,21,26101558,rs2154481,verified+risk
75,ADAMTS1,21,26775872,rs2830489,verified
76,ABCA7,19,1039997,,verified+risk
77,ABI3,17,49210411,,verified+risk
78,APOE,19,44905791,,risk
79,APP,21,25880550,,verified+risk
80,APBB3,5,140558268,,risk
81,BIN1,2,127048023,,verified+risk
82,EPHA1,7,143390289,,verified+risk
83,CASP7,10,113679162,,risk
84,CR1,1,207496147,,verified+risk
85,MS4A6A,11,60171607,,risk
86,PILRA,7,100367530,,risk
87,PLCG2,16,81739097,,verified+risk
88,PSEN1,14,73136417,,risk
89,PSEN2,1,226870184,,risk
90,ADAM10,15,58588809,,risk
91,RIN3,14,92513781,,risk
92,SORL1,11,121452314,,verified+risk
93,SPI1,11,47354860,,verified+risk
94,TREM2,6,41158506,,verified+risk
95,PICALM,11,85957175,,risk
